{"cameraMode":{"drawMode":0,"name":"Shaded","section":"Shading Mode"},"sceneLighting":false,"audioPlay":false,"sceneViewState":{"showFog":true,"showMaterialUpdate":false,"showSkybox":false,"showFlares":true,"showImageEffects":true,"showParticleSystems":true},"in2DMode":false,"pivot":{"x":75.32579040527344,"y":34.05760192871094,"z":494.3844909667969},"rotation":{"x":-0.07162826508283615,"y":0.005979258567094803,"z":0.0004295193066354841,"w":0.9974164962768555},"size":22.0,"orthographic":false}